address,city,category,price_text,price_eur,features,link
"Lienes iela 6A, Majori",Jūrmala,"Cits, Investīciju objekts",450 000 €,450000,677 m²1100 m²35 ist.,https://www.city24.lv/real-estate/commercials-for-sale/jurmala-majori-lienes-iela/1017536?i=0
Liliju iela 12,"Mārupe, Mārupes nov.",,490 000 €,490000,855 m²3002 m²,https://www.city24.lv/real-estate/commercials-for-sale/marupes-nov-marupe-liliju-iela/2079912?i=1
"Asara, Centrs",Rīga,,1 300 000 €,1300000,1723 m²1000 m²,https://www.city24.lv/real-estate/commercials-for-sale/riga-centrs-asara/8812577?i=2
Miglači,"Raiskums, Raiskuma pag., Cēsu nov.","Noliktava/ražošana, Cits",195 000 €,195000,1184.5 m²10023 m²1/2 st.,https://www.city24.lv/real-estate/commercials-for-sale/cesu-nov-raiskuma-pag-raiskums/8120050?i=3
"Blaumaņa iela 6, Centrs",Rīga,"Birojs, Investīciju objekts, Tirdzniecība, Cits",145 000 €,145000,145.8 m²1 m²,https://www.city24.lv/real-estate/commercials-for-sale/riga-centrs-blaumana-iela/3786716?i=4
"Andreja Pumpura iela 6, Centrs",Rīga,"Ēdināšanas pakalpojumi, Tirdzniecība, Birojs",630 000 €,630000,182 m²1/6 st.,https://www.city24.lv/real-estate/commercials-for-sale/riga-centrs-andreja-pumpura-iela/3006348?i=5
"Senču iela 4, Centrs",Rīga,Birojs,2 100 000 €,2100000,3204 m²5606 m²20 ist.,https://www.city24.lv/real-estate/commercials-for-sale/riga-centrs-sencu-iela/3961337?i=6
"Kurbada iela 4, Centrs",Rīga,,1 250 000 €,1250000,1284 m²1420 m²8 ist.1/2 st.,https://www.city24.lv/real-estate/commercials-for-sale/riga-centrs-kurbada-iela/1907999?i=7
"Hospitāļu iela 8, Centrs",Rīga,"Birojs, Tirdzniecība, Investīciju objekts",Jauna cena160 000 €,160000,127 m²5 ist.1/5 st.,https://www.city24.lv/real-estate/commercials-for-sale/riga-centrs-hospitalu-iela-8/8586305?i=8
Daugavgrīvas iela 132/1,,"Tirdzniecība, Birojs, Noliktava/ražošana, Investīciju objekts",93 000 €,93000,157.3 m²8 ist.1/5 st.,https://www.city24.lv/real-estate/commercials-for-sale/daugavgrivas-iela/9093907?i=9
Timotiņu iela 7,"Carnikavas pag., Ādažu nov.",Birojs,249 990 €,249990,1183 m²8372 m²75 ist.3/3 st.,https://www.city24.lv/real-estate/commercials-for-sale/adazu-nov-carnikavas-pag-timotinu-iela/5547338?i=10
"Slokas iela 13 A, Āgenskalns",Rīga,"Tirdzniecība, Birojs, Noliktava/ražošana",83 500 €,83500,125.7 m²6 ist.1/4 st.,https://www.city24.lv/real-estate/commercials-for-sale/riga-agenskalns-slokas-iela/7979920?i=11
"Dzirnavu iela 6, Centrs",Rīga,Investīciju objekts,190 000 €,190000,115 m²6 ist.1/4 st.,https://www.city24.lv/real-estate/commercials-for-sale/riga-centrs-dzirnavu-iela/1735495?i=12
"Elijas iela 20, Centrs",Rīga,Noliktava/ražošana,9 900 €,9900,224 m²4 ist.1/6 st.,https://www.city24.lv/real-estate/commercials-for-sale/riga-centrs-elijas-iela/9106726?i=13
"Riharda Vāgnera iela 12, Vecrīga",Rīga,Tirdzniecība,139 000 €,139000,48 m²3 ist.1/4 st.,https://www.city24.lv/real-estate/commercials-for-sale/riga-vecriga-riharda-vagnera-iela/5422394?i=14
Motoparks kandava,"Kandava, Tukuma nov.","Investīciju objekts, Noliktava/ražošana",320 000 €,320000,151322 m²151322 m²3 ist.,https://www.city24.lv/real-estate/commercials-for-sale/tukuma-nov-kandava-motoparks-kandava/3036195?i=15
"Krimuldas iela 2a, Teika",Rīga,"Birojs, Investīciju objekts",1 200 000 €,1200000,983 m²1474 m²60 ist.,https://www.city24.lv/real-estate/commercials-for-sale/riga-teika-krimuldas-iela/8231137?i=16
"""Lībavoti""","Lielkangari, Ropažu pag., Ropažu nov.","Noliktava/ražošana, Investīciju objekts",115 000 €,115000,475 m²2650 m²5 ist.,https://www.city24.lv/real-estate/commercials-for-sale/ropazu-nov-ropazu-pag-lielkangari/9016105?i=17
Rūjienas iela 25,"Mazsalaca, Valmieras nov.",,235 000 €,235000,800 m²1.0825 ha8 ist.,https://www.city24.lv/real-estate/commercials-for-sale/valmieras-nov-mazsalaca-rujienas-iela/8689739?i=18
"Raga iela 1, Kauguri",Jūrmala,Investīciju objekts,3 200 000 €,3200000,15000 m²3.2 ha127 ist.,https://www.city24.lv/real-estate/commercials-for-sale/jurmala-kauguri-raga-iela-1/7057345?i=19
Rūpniecības iela 6,"Tukums, Tukuma nov.","Noliktava/ražošana, Investīciju objekts",2 150 000 €,2150000,11168 m²21272 m²17 ist.1/2 st.,https://www.city24.lv/real-estate/commercials-for-sale/tukuma-nov-tukums-rupniecibas-iela/4689957?i=20
"Ernesta Birznieka-Upīša iela, Centrs",Rīga,"Tirdzniecība, Birojs, Investīciju objekts",120 650 €,120650,42 m²2 ist.1/6 st.,https://www.city24.lv/real-estate/commercials-for-sale/riga-centrs-ernesta-birznieka-upisa-iela/1535655?i=21
"Marijas iela 2, Centrs",Rīga,"Tirdzniecība, Investīciju objekts",60 000 €,60000,120 m²2 ist.,https://www.city24.lv/real-estate/commercials-for-sale/riga-centrs-marijas-iela/5414840?i=22
"Ģerāniju iela 3, Iļģuciems",Rīga,Birojs,550 000 €,550000,1170 m²3472 m²50 ist.2/2 st.,https://www.city24.lv/real-estate/commercials-for-sale/riga-ilguciems-geraniju-iela/2821473?i=23
"Krišjāņa Valdemāra iela, Centrs",Rīga,Tirdzniecība,400 000 €,400000,499 m²1066 m²1 ist.,https://www.city24.lv/real-estate/commercials-for-sale/riga-centrs-krisjana-valdemara-iela/4834954?i=24
"Bauskas iela 16B, Torņakalns",Rīga,"Tirdzniecība, Noliktava/ražošana, Investīciju objekts",384 920 €,384920,962.3 m²1865 m²41 ist.1/1 st.,https://www.city24.lv/real-estate/commercials-for-sale/riga-tornakalns-bauskas-iela/2893339?i=25
Jelgavas iela 69,"Jaunjelgava, Aizkraukles nov.","Tirdzniecība, Birojs, Noliktava/ražošana",220 000 €,220000,270 m²7 ist.,https://www.city24.lv/real-estate/commercials-for-sale/aizkraukles-nov-jaunjelgava-jelgavas-iela/8585397?i=26
Daugavas iela 7,"Baldone, Ķekavas nov.","Tirdzniecība, Investīciju objekts",400 000 €,400000,979 m²5443 m²14 ist.1/1 st.,https://www.city24.lv/real-estate/commercials-for-sale/kekavas-nov-baldone-daugavas-iela/4670672?i=27
"Marijas iela 2A, Centrs",Rīga,Tirdzniecība,150 000 €,150000,120 m²4 ist.,https://www.city24.lv/real-estate/commercials-for-sale/riga-centrs-marijas-iela/3668445?i=28
Dzintaru iela 32,Ventspils,"Tirdzniecība, Investīciju objekts",348 000 €,348000,3096 m²3577 m²127 ist.,https://www.city24.lv/real-estate/commercials-for-sale/ventspils-dzintaru-iela/5146423?i=29
Teātra iela 13,Daugavpils,"Birojs, Investīciju objekts",65 000 €,65000,71.5 m²4 ist.1/5 st.,https://www.city24.lv/real-estate/commercials-for-sale/daugavpils-teatra-iela/4082915?i=30
Mazā Zemturu iela 14,"Mārupe, Mārupes nov.",,256 288.50 €,25628850,101.1 m²3 ist.1/4 st.,https://www.city24.lv/real-estate/commercials-for-sale/marupes-nov-marupe-maza-zemturu-iela/2645100?i=31
"Dainas iela 8, Centrs",Rīga,,1 250 000 €,1250000,3131 m²,https://www.city24.lv/real-estate/commercials-for-sale/riga-centrs-dainas-iela/2083898?i=32
"Peldu iela 15, Centrs, Vecrīga",Rīga,"Birojs, Investīciju objekts, Cits, Tirdzniecība",2 950 000 €,2950000,2969 m²1079 m²85 ist.,https://www.city24.lv/real-estate/commercials-for-sale/riga-vecriga-peldu-iela/5552213?i=33
Dzintaru iela 4,"Pāvilosta, Dienvidkurzemes nov.",Noliktava/ražošana,1 500 000 €,1500000,3594 m²1.5 ha50 ist.,https://www.city24.lv/real-estate/commercials-for-sale/dienvidkurzemes-nov-pavilosta-dzintaru-iela-4/5721270?i=34
OZOLU   3,"Aizkraukle, Aizkraukles nov.",Tirdzniecība,1 234 €,1234,256 m²1423 m²10 ist.,https://www.city24.lv/real-estate/commercials-for-sale/aizkraukles-nov-aizkraukle-ozolu-/7706814?i=35
"Bruņinieku iela 69, Centrs",Rīga,Birojs,Jauna cena300 000 €,300000,418 m²7 ist.,https://www.city24.lv/real-estate/commercials-for-sale/riga-centrs-bruninieku-iela/4898979?i=36
"Audēju iela 7, Centrs",Rīga,Investīciju objekts,3 000 000 €,3000000,2000 m²465 m²60 ist.5/6 st.,https://www.city24.lv/real-estate/commercials-for-sale/riga-centrs-audeju-iela/1675053?i=37
"Zirņu iela  8, Centrs",Rīga,Tirdzniecība,180 000 €,180000,136 m²1000 m²9 ist.1/5 st.,https://www.city24.lv/real-estate/commercials-for-sale/riga-centrs-zirnu-iela-/4806159?i=38
"Dzelzavas iela, Purvciems",Rīga,"Tirdzniecība, Birojs, Investīciju objekts",585 000 €,585000,610 m²1049 m²9 ist.,https://www.city24.lv/real-estate/commercials-for-sale/riga-purvciems-dzelzavas-iela/7117589?i=39
Rūpniecības iela 3,"Tukums, Tukuma nov.","Noliktava/ražošana, Investīciju objekts",4 800 000 €,4800000,15205 m²55700 m²3 ist.,https://www.city24.lv/real-estate/commercials-for-sale/tukuma-nov-tukums-rupniecibas-iela-3/4949255?i=40
"Baldones iela 7, Āgenskalns",Rīga,Investīciju objekts,1 500 000 €,1500000,1680 m²7331 m²30 ist.,https://www.city24.lv/real-estate/commercials-for-sale/riga-agenskalns-baldones-iela/5954786?i=41
"Zāļu iela 6, Bišumuiža",Rīga,"Birojs, Noliktava/ražošana, Investīciju objekts",2 800 000 €,2800000,5780 m²32949 m²127 ist.,https://www.city24.lv/real-estate/commercials-for-sale/riga-bisumuiza-zalu-iela/1615672?i=42
Kalēju iela 41,Rīga,Birojs,1 107 800 €,1107800,268.3 m²72 m²,https://www.city24.lv/real-estate/commercials-for-sale/riga-kaleju-iela/3284473?i=43
"Ganību dambis 23a, Sarkandaugava",Rīga,"Birojs, Investīciju objekts, Noliktava/ražošana, Tirdzniecība, Cits",Jauna cena1 150 000 €,1150000,3387 m²10 ist.2/2 st.,https://www.city24.lv/real-estate/commercials-for-sale/riga-sarkandaugava-ganibu-dambis/2207038?i=44
Ķesterciema iela 9a,"Salaspils, Salaspils nov.",Tirdzniecība,245 000 €,245000,193 m²3 ist.1/1 st.,https://www.city24.lv/real-estate/commercials-for-sale/salaspils-nov-salaspils-kesterciema-iela/2155877?i=45
"Dārzciema iela 60, Dārzciems",Rīga,"Tirdzniecība, Pakalpojumi",550 000 €,550000,550 m²,https://www.city24.lv/real-estate/commercials-for-sale/riga-darzciems-darzciema-iela/8568100?i=46
"Vīlandes iela, Centrs",Rīga,Birojs,304 000 €,304000,159.7 m²4 ist.1/6 st.,https://www.city24.lv/real-estate/commercials-for-sale/riga-centrs-vilandes-iela/5843561?i=47
"Palasta iela, Vecrīga",Rīga,Birojs,2 300 000 €,2300000,1982 m²446 m²,https://www.city24.lv/real-estate/commercials-for-sale/riga-vecriga-palasta-iela/6700898?i=48
"Lemizar, Liepupes pag.",Limbažu nov.,,319 000 €,319000,54200 m²,https://www.city24.lv/real-estate/commercials-for-sale/limbazu-nov-lemizar/8623867?i=49
"Mārupes iela 6-5, Āgenskalns",Rīga,"Noliktava/ražošana, Investīciju objekts, Cits, Birojs",Jauna cena29 000 €,29000,78.2 m²4 ist.0/4 st.,https://www.city24.lv/real-estate/commercials-for-sale/riga-agenskalns-marupes-iela/7939740?i=0
"Zilupes iela 1, Krasta masīvs",Rīga,"Birojs, Noliktava/ražošana, Investīciju objekts, Tirdzniecība",Jauna cena350 000 €,350000,452 m²1749 m²,https://www.city24.lv/real-estate/commercials-for-sale/riga-krasta-masivs-zilupes-iela/4286354?i=1
"Tallinas iela 58, Centrs",Rīga,Tirdzniecība,23 500 €,23500,38.5 m²2 ist.1/3 st.,https://www.city24.lv/real-estate/commercials-for-sale/riga-centrs-tallinas-iela/6544276?i=2
Stelpes pienotava,"Beitiņi, Stelpes pag., Bauskas nov.","Investīciju objekts, Noliktava/ražošana, Tirdzniecība, Cits",Jauna cena190 000 €,190000,4300 m²64400 m²30 ist.2/2 st.,https://www.city24.lv/real-estate/commercials-for-sale/bauskas-nov-stelpes-pag-beitini/1003659?i=3
"Lauvas iela 4, Latgale",Rīga,Investīciju objekts,2 000 000 €,2000000,8102 m²15319 m²127 ist.,https://www.city24.lv/real-estate/commercials-for-sale/riga-latgale-lauvas-iela/1673193?i=4
Valdemāra bulvāris 8,"Madona, Madonas nov.",,89 000 €,89000,284 m²1067 m²10 ist.,https://www.city24.lv/real-estate/commercials-for-sale/madonas-nov-madona-valdemara-bulvaris/9092279?i=5
"Juglas iela 3, Jugla",Rīga,,2 850 000 €,2850000,9520 m²,https://www.city24.lv/real-estate/commercials-for-sale/riga-jugla-juglas-iela/3055602?i=6
Bāriņu iela 22,Liepāja,Noliktava,12 000 €,12000,,https://www.city24.lv/real-estate/commercials-for-sale/liepaja-barinu-iela/8230869?i=7
Rudeņi 8A,"Salaspils, Salaspils nov.","Noliktava, Noliktava/ražošana",460 000 €,460000,2328 m²2 ist.1/1 st.,https://www.city24.lv/real-estate/commercials-for-sale/salaspils-nov-salaspils-rudeni/3387341?i=8
"Tērbatas iela 2, Centrs",Rīga,Investīciju objekts,20 000 000 €,20000000,5839.9 m²100 ist.1/3 st.,https://www.city24.lv/real-estate/commercials-for-sale/riga-centrs-terbatas-iela/4679131?i=9
Līgas iela 1,"Līgatnes pag., Cēsu nov.","Noliktava, Noliktava/ražošana",2 950 000 €,2950000,6669 m²10 ist.1/1 st.,https://www.city24.lv/real-estate/commercials-for-sale/cesu-nov-ligatnes-pag-ligas-iela/7354286?i=10
"Emiļa Melngaiļa iela 8, Centrs",Rīga,Birojs,620 000 €,620000,160 m²199 m²5 ist.,https://www.city24.lv/real-estate/commercials-for-sale/riga-centrs-emila-melngaila-iela/2895802?i=11
"Valērijas Seiles iela 1, Latgale",Rīga,Birojs,150 000 €,150000,445 m²1413 m²12 ist.1/2 st.,https://www.city24.lv/real-estate/commercials-for-sale/riga-latgale-valerijas-seiles-iela/9073051?i=12
"Teātra iela 24, Majori",Jūrmala,Birojs,259 000 €,259000,73.3 m²400 m²4 ist.1/1 st.,https://www.city24.lv/real-estate/commercials-for-sale/jurmala-majori-teatra-iela/2974806?i=13
"Aspazijas bulvāris 5, Rīga, Vecrīga",Rīga,Investīciju objekts,10 800 000 €,10800000,14830 m²,https://www.city24.lv/real-estate/commercials-for-sale/riga-vecriga-aspazijas-bulvaris/9063876?i=14
"Brīvības iela 59, Centrs",Rīga,"Tirdzniecība, Birojs",300 000 €,300000,180 m²6 ist.,https://www.city24.lv/real-estate/commercials-for-sale/riga-centrs-brivibas-iela/5553344?i=15
Putnu iela,"Zaķumuiža, Ropažu pag., Ropažu nov.","Noliktava/ražošana, Tirdzniecība, Investīciju objekts",170 000 €,170000,1025 m²2800 m²5 ist.1/1 st.,https://www.city24.lv/real-estate/commercials-for-sale/ropazu-pag-zakumuiza-putnu-iela/3907010?i=16
"Carnikavas iela 3a, Jaunmīlgrāvis",Rīga,Noliktava/ražošana,94 500 €,94500,698 m²1 ist.1/1 st.,https://www.city24.lv/real-estate/commercials-for-sale/riga-jaunmilgravis-carnikavas-iela/1929707?i=17
"Andreja Pumpura iela 5, Centrs",Rīga,Investīciju objekts,145 600 €,145600,145600 m²3 ist.1/6 st.,https://www.city24.lv/real-estate/commercials-for-sale/riga-centrs-andreja-pumpura-iela/8402407?i=18
"Čiekurkalna 4. šķērslīnija 9, Čiekurkalns",Rīga,Birojs,140 000 €,140000,125 m²1 ist.1/6 st.,https://www.city24.lv/real-estate/commercials-for-sale/riga-ciekurkalns-ciekurkalna-4-skerslinija/2671009?i=19
"Latgales iela 250, Latgale",Rīga,Tirdzniecība,98 000 €,98000,222.3 m²8 ist.,https://www.city24.lv/real-estate/commercials-for-sale/riga-latgale-latgales-iela/4135305?i=20
"Jūrkalnes iela 79, Zolitūde",Rīga,,350 000 €,350000,2039 m²43 ist.,https://www.city24.lv/real-estate/commercials-for-sale/riga-zolitude-jurkalnes-iela/2286520?i=21
"Firsa Sadovņikova iela 39, Latgale",Rīga,"Tirdzniecība, Pakalpojumi",352 590 €,352590,167.9 m²,https://www.city24.lv/real-estate/commercials-for-sale/riga-latgale-firsa-sadovnikova-iela/6726918?i=22
Bullis,"Salaspils pag., Salaspils nov.",,320 000 €,320000,,https://www.city24.lv/real-estate/commercials-for-sale/salaspils-nov-salaspils-pag/6534117?i=23
"Lāčplēša iela 24, Centrs",Rīga,Tirdzniecība,126 000 €,126000,90 m²5 ist.,https://www.city24.lv/real-estate/commercials-for-sale/riga-centrs-lacplesa-iela/3659012?i=24
"Palasta iela 9, Centrs",Rīga,Birojs,159 000 €,159000,109.1 m²3 ist.1/3 st.,https://www.city24.lv/real-estate/commercials-for-sale/riga-centrs-palasta-iela/6778738?i=25
"Andreja Pumpura iela 5, Centrs",Rīga,Investīciju objekts,145 600 €,145600,150 m²,https://www.city24.lv/real-estate/commercials-for-sale/riga-centrs-andreja-pumpura-iela/6114020?i=26
"Kalēju iela 18/20, Vecrīga",Rīga,"Birojs, Ēdināšanas pakalpojumi, Pakalpojumi, Tirdzniecība",510 000 €,510000,232.7 m²,https://www.city24.lv/real-estate/commercials-for-sale/riga-vecriga-kaleju-iela/3587686?i=27
"Purvciema iela 18, Purvciems",Rīga,,345 000 €,345000,852 m²2344 m²,https://www.city24.lv/real-estate/commercials-for-sale/riga-purvciems-purvciema-iela-18/4163674?i=28
"Kalēju iela 18/20, Vecrīga",Rīga,"Tirdzniecība, Pakalpojumi, Ēdināšanas pakalpojumi",585 000 €,585000,386.5 m²,https://www.city24.lv/real-estate/commercials-for-sale/riga-vecriga-kaleju-iela/2803444?i=29
"13. janvāra iela 21, Centrs",Rīga,Tirdzniecība,300 000 €,300000,135.8 m²4 ist.1/7 st.,https://www.city24.lv/real-estate/commercials-for-sale/riga-centrs-13-janvara-iela/2943802?i=30
"""Trīssaliņas""","Grundzāles pag., Smiltenes nov.","Investīciju objekts, Cits",290 000 €,290000,650 m²,https://www.city24.lv/real-estate/commercials-for-sale/smiltenes-nov-grundzales-pag-trissalinas/8592628?i=31
"Latgales iela 433, Ķengarags",Rīga,Birojs,1 450 000 €,1450000,3865 m²6024 m²10 ist.,https://www.city24.lv/real-estate/commercials-for-sale/riga-kengarags-latgales-iela/1859972?i=32
"Latgales iela 433, Ķengarags",Rīga,,1 450 000 €,1450000,3865 m²6024 m²10 ist.,https://www.city24.lv/real-estate/commercials-for-sale/riga-kengarags-latgales-iela/3102850?i=33
"Krišjāņa Valdemāra iela 83, Centrs",Rīga,"Birojs, Investīciju objekts, Noliktava/ražošana, Tirdzniecība, Cits",80 000 €,80000,58 m²3 ist.1/7 st.,https://www.city24.lv/real-estate/commercials-for-sale/riga-centrs-krisjana-valdemara-iela/6754934?i=34
"Avotu iela 34, Centrs",Rīga,,650 000 €,650000,1284 m²1402 m²,https://www.city24.lv/real-estate/commercials-for-sale/riga-centrs-avotu-iela/6267863?i=35
"Skolas iela 14, Centrs",Rīga,Tirdzniecība,400 000 €,400000,381.5 m²10 ist.,https://www.city24.lv/real-estate/commercials-for-sale/riga-centrs-skolas-iela/1376668?i=36
"Tērbatas iela 2-8, Centrs",Rīga,,3 500 000 €,3500000,970 m²4689 m²,https://www.city24.lv/real-estate/commercials-for-sale/riga-centrs-terbatas-iela/4847810?i=37
"Tērbatas iela 2-4, Centrs",Rīga,,5 000 000 €,5000000,2046.6 m²4689 m²,https://www.city24.lv/real-estate/commercials-for-sale/riga-centrs-terbatas-iela/4801838?i=38
Tērbatas iela 2-2,Rīga,Ēdināšanas pakalpojumi,3 000 000 €,3000000,887.2 m²4689 m²,https://www.city24.lv/real-estate/commercials-for-sale/riga-terbatas-iela/8678452?i=39
"Satiksmes iela, Torņakalns",Rīga,Tirdzniecība,280 000 €,280000,161.5 m²5 ist.1/6 st.,https://www.city24.lv/real-estate/commercials-for-sale/riga-tornakalns-satiksmes-iela/9040509?i=40
Reiņu meža iela 12,Liepāja,Tirdzniecība,43 000 €,43000,229 m²,https://www.city24.lv/real-estate/commercials-for-sale/liepaja-reinu-meza-iela/6765815?i=41
"Jasmuižas iela 5, Pļavnieki",Rīga,,47 900 €,47900,130 m²1/1 st.,https://www.city24.lv/real-estate/commercials-for-sale/riga-plavnieki-jasmuizas-iela/2613108?i=42
"Latgales iela 75, Latgale",Rīga,,250 000 €,250000,380 m²1192 m²,https://www.city24.lv/real-estate/commercials-for-sale/riga-latgale-latgales-iela/7523133?i=43
"Matīsa iela 37-1, Centrs",Rīga,"Birojs, Tirdzniecība, Cits, Investīciju objekts",160 000 €,160000,326 m²,https://www.city24.lv/real-estate/commercials-for-sale/riga-centrs-matisa-iela/7641993?i=44
"Marijas iela 2, Centrs",Rīga,Birojs,1 700 000 €,1700000,1060 m²2168 m²29 ist.3/6 st.,https://www.city24.lv/real-estate/commercials-for-sale/riga-centrs-marijas-iela/4419650?i=45
"Grēcinieku iela 26, Centrs",Rīga,Investīciju objekts,1 000 000 €,1000000,400 m²4 ist.1/2 st.,https://www.city24.lv/real-estate/commercials-for-sale/riga-centrs-grecinieku-iela/5634948?i=46
"Tērbatas iela, Centrs",Rīga,"Ēdināšanas pakalpojumi, Tirdzniecība, Pakalpojumi",320 000 €,320000,191 m²1/3 st.,https://www.city24.lv/real-estate/commercials-for-sale/riga-centrs-terbatas-iela/2104216?i=47
"Skolas iela 4, Centrs",Rīga,Investīciju objekts,120 000 €,120000,108.8 m²2 ist.6/6 st.,https://www.city24.lv/real-estate/commercials-for-sale/riga-centrs-skolas-iela/2438194?i=48
"Krišjāņa Barona iela 130, Centrs",Rīga,,1 700 000 €,1700000,3285 m²20 ist.,https://www.city24.lv/real-estate/commercials-for-sale/riga-centrs-krisjana-barona-iela/4800687?i=49
"Lielupes iela 23, Jaundubulti",Jūrmala,,628 000 €,628000,2875 m²3801 m²50 ist.,https://www.city24.lv/real-estate/commercials-for-sale/jurmala-jaundubulti-lielupes-iela/7486903?i=0
"Ganību dambis 22a, Centrs",Rīga,Birojs,125 000 €,125000,13 ist.,https://www.city24.lv/real-estate/commercials-for-sale/riga-centrs-ganibu-dambis/4956524?i=1
"Grēcinieku iela 26, Centrs",Rīga,Tirdzniecība,1 000 000 €,1000000,400 m²4 ist.1/2 st.,https://www.city24.lv/real-estate/commercials-for-sale/riga-centrs-grecinieku-iela/7984194?i=2
"Pūces iela 19A, Purvciems",Rīga,"Birojs, Cits, Tirdzniecība",70 000 €,70000,180.1 m²0/5 st.,https://www.city24.lv/real-estate/commercials-for-sale/riga-purvciems-puces-iela/7098783?i=3
"Kurzemes prospekts 72a, Imanta",Rīga,Tirdzniecība,23 000 €,23000,42 m²200 m²3 ist.,https://www.city24.lv/real-estate/commercials-for-sale/riga-imanta-kurzemes-prospekts/7406424?i=4
"Lielupes iela , Jūrmala 23, Jaundubulti",Jūrmala,,628 000 €,628000,2875 m²,https://www.city24.lv/real-estate/commercials-for-sale/jurmala-jaundubulti-lielupes-iela--jurmala/3025594?i=5
"Čiekurkalna 4. šķērslīnija 9, Čiekurkalns",Rīga,Birojs,124 000 €,124000,125 m²6 ist.1/6 st.,https://www.city24.lv/real-estate/commercials-for-sale/riga-ciekurkalns-ciekurkalna-4-skerslinija/1237307?i=6
"Blaumaņa iela 8, Centrs",Rīga,Tirdzniecība,450 000 €,450000,518 m²10 ist.,https://www.city24.lv/real-estate/commercials-for-sale/riga-centrs-blaumana-iela/6499027?i=7
"Blaumaņa iela 8, Centrs",Rīga,Birojs,340 000 €,340000,340.4 m²10 ist.,https://www.city24.lv/real-estate/commercials-for-sale/riga-centrs-blaumana-iela/5611375?i=8
"Blaumaņa iela 8, Centrs",Rīga,,340 000 €,340000,340.4 m²10 ist.,https://www.city24.lv/real-estate/commercials-for-sale/riga-centrs-blaumana-iela/4460446?i=9
"Kapseļu iela 18, Āgenskalns",Rīga,Birojs,856 000 €,856000,1487 m²3781 m²30 ist.,https://www.city24.lv/real-estate/commercials-for-sale/riga-agenskalns-kapselu-iela/9252640?i=10
"Zaubes iela 2, Centrs",Rīga,Investīciju objekts,980 000 €,980000,998 m²20 ist.1/5 st.,https://www.city24.lv/real-estate/commercials-for-sale/riga-centrs-zaubes-iela/6555944?i=11
"Prūšu iela 4, Ķengarags",Rīga,"Birojs, Pakalpojumi, Tirdzniecība",122 000 €,122000,165 m²,https://www.city24.lv/real-estate/commercials-for-sale/riga-kengarags-prusu-iela/2221183?i=12
"Hanzas iela 3B, Centrs",Rīga,Tirdzniecība,203 000 €,203000,58 m²1 ist.1/7 st.,https://www.city24.lv/real-estate/commercials-for-sale/riga-centrs-hanzas-iela/1350432?i=13
"Hanzas iela 3B, Centrs",Rīga,Tirdzniecība,357 000 €,357000,102 m²1 ist.1/7 st.,https://www.city24.lv/real-estate/commercials-for-sale/riga-centrs-hanzas-iela/6942008?i=14
"Valmieras iela 31, Centrs",Rīga,,270 000 €,270000,504 m²1134 m²,https://www.city24.lv/real-estate/commercials-for-sale/riga-centrs-valmieras-iela/3412962?i=15
"Tomsona iela 39 k-1, Centrs",Rīga,Birojs,210 000 €,210000,115.7 m²5 ist.,https://www.city24.lv/real-estate/commercials-for-sale/riga-centrs-tomsona-iela/8270548?i=16
"Vītolu iela 2, Sarkandaugava",Rīga,Tirdzniecība,123 299 €,123299,44.1 m²1/7 st.,https://www.city24.lv/real-estate/commercials-for-sale/riga-sarkandaugava-vitolu-iela/8756504?i=17
"Vītolu iela 2, Sarkandaugava",Rīga,Tirdzniecība,181 379 €,181379,67.8 m²1 ist.1/7 st.,https://www.city24.lv/real-estate/commercials-for-sale/riga-sarkandaugava-vitolu-iela/1451039?i=18
"Vītolu iela 2, Sarkandaugava",Rīga,Tirdzniecība,126 929 €,126929,45.5 m²1 ist.1/7 st.,https://www.city24.lv/real-estate/commercials-for-sale/riga-sarkandaugava-vitolu-iela/1008060?i=19
"Jūrmalas gatve 69, Imanta",Rīga,Birojs,1 100 000 €,1100000,580 m²2900 m²15 ist.1/3 st.,https://www.city24.lv/real-estate/commercials-for-sale/riga-imanta-jurmalas-gatve/5571891?i=20
"Stabu iela 35, Centrs",Rīga,"Birojs, Investīciju objekts",1 118 000 €,1118000,895 m²500 m²3/3 st.,https://www.city24.lv/real-estate/commercials-for-sale/riga-centrs-stabu-iela/6057928?i=21
"Tērbatas iela 2, Centrs",Rīga,"Ēdināšanas pakalpojumi, Birojs",15 000 000 €,15000000,5839.9 m²4689 m²,https://www.city24.lv/real-estate/commercials-for-sale/riga-centrs-terbatas-iela/8166727?i=22
"Baltā iela 3, Iļģuciems",Rīga,Noliktava/ražošana,560 000 €,560000,3876 m²5346 m²,https://www.city24.lv/real-estate/commercials-for-sale/riga-ilguciems-balta-iela/4778818?i=23
"Sēravotu iela 3, Ķemeri",Jūrmala,,840 000 €,840000,960 m²1960 m²7 ist.,https://www.city24.lv/real-estate/commercials-for-sale/jurmala-kemeri-seravotu-iela/2073752?i=24
"Latgales iela 250 k-3, Ķengarags",Rīga,Tirdzniecība,110 000 €,110000,153 m²4 ist.1/5 st.,https://www.city24.lv/real-estate/commercials-for-sale/riga-kengarags-latgales-iela/7521281?i=25
Ģimnāzijas iela 25A,Daugavpils,"Birojs, Tirdzniecība, Pakalpojumi",55 000 €,55000,96.1 m²,https://www.city24.lv/real-estate/commercials-for-sale/daugavpils-gimnazijas-iela/2836539?i=26
"Kungu iela 5, Vecrīga",Rīga,Investīciju objekts,3 900 000 €,3900000,1500 m²34 ist.6/6 st.,https://www.city24.lv/real-estate/commercials-for-sale/riga-vecriga-kungu-iela/6031675?i=27
Krišjāņa Barona iela 46A,Jelgava,,380 000 €,380000,1060.8 m²3613 m²,https://www.city24.lv/real-estate/commercials-for-sale/jelgava-krisjana-barona-iela/6135633?i=28
"Krišjāņa Valdemāra iela 85, Centrs",Rīga,,123 000 €,123000,91 m²1/5 st.,https://www.city24.lv/real-estate/commercials-for-sale/riga-centrs-krisjana-valdemara-iela/5852713?i=29
Jaunceltnes iela 53,"Aizkraukle, Aizkraukles nov.","Tirdzniecība, Pakalpojumi",19 800 €,19800,42 m²,https://www.city24.lv/real-estate/commercials-for-sale/aizkraukles-nov-aizkraukle-jaunceltnes-iela/2687307?i=30
"Vecpilsētas iela, Vecrīga",Rīga,Ēdināšanas pakalpojumi,825 000 €,825000,285 m²1/2 st.,https://www.city24.lv/real-estate/commercials-for-sale/riga-vecriga-vecpilsetas-iela/4843305?i=31
Mālpils iela 1,"Siguldas pag., Siguldas nov.",,1 950 000 €,1950000,2536 m²,https://www.city24.lv/real-estate/commercials-for-sale/siguldas-nov-siguldas-pag-malpils-iela/2365545?i=32
Peldu iela 14,Liepāja,,139 000 €,139000,453 m²932 m²,https://www.city24.lv/real-estate/commercials-for-sale/liepaja-peldu-iela/8399899?i=33
"Mellužu prospekts 14, Melluži",Jūrmala,Investīciju objekts,2 850 000 €,2850000,995 m²2209 m²0/3 st.,https://www.city24.lv/real-estate/commercials-for-sale/jurmala-melluzi-melluzu-prospekts/4146457?i=34
"Brīvības iela 138, Grīziņkalns",Rīga,"Tirdzniecība, Pakalpojumi",86 800 €,86800,86.8 m²,https://www.city24.lv/real-estate/commercials-for-sale/riga-grizinkalns-brivibas-iela/4969452?i=35
Liepziedu iela 10,"Krogsils, Ķekavas pag., Ķekavas nov.",Noliktava/ražošana,700 400 €,700400,2230 m²16241 m²,https://www.city24.lv/real-estate/commercials-for-sale/kekavas-pag-krogsils-liepziedu-iela/6918376?i=36
"Brīvības iela 138, Grīziņkalns",Rīga,"Tirdzniecība, Pakalpojumi",108 300 €,108300,108.3 m²,https://www.city24.lv/real-estate/commercials-for-sale/riga-grizinkalns-brivibas-iela/3775613?i=37
"Brīvības iela 138, Grīziņkalns",Rīga,"Tirdzniecība, Pakalpojumi",93 800 €,93800,93.8 m²,https://www.city24.lv/real-estate/commercials-for-sale/riga-grizinkalns-brivibas-iela/5535119?i=38
"Kapseļu iela 18, Āgenskalns",Rīga,,856 000 €,856000,1321 m²,https://www.city24.lv/real-estate/commercials-for-sale/riga-agenskalns-kapselu-iela/4621110?i=39
Miera iela 3,"Roja, Rojas pag., Talsu nov.",,270 000 €,270000,6981 m²4 ist.1/1 st.,https://www.city24.lv/real-estate/commercials-for-sale/rojas-pag-roja-miera-iela/7440918?i=40
"Stopiņu iela 5, Dārzciems",Rīga,"Noliktava, Noliktava/ražošana",1 950 000 €,1950000,11279.4 m²7/7 st.,https://www.city24.lv/real-estate/commercials-for-sale/riga-darzciems-stopinu-iela/7631561?i=41
"Brīvības iela 138, Grīziņkalns",Rīga,"Birojs, Pakalpojumi",71 300 €,71300,71.3 m²,https://www.city24.lv/real-estate/commercials-for-sale/riga-grizinkalns-brivibas-iela/7127590?i=42
"Brīvības iela 138, Grīziņkalns",Rīga,"Birojs, Pakalpojumi, Tirdzniecība",54 300 €,54300,54.3 m²,https://www.city24.lv/real-estate/commercials-for-sale/riga-grizinkalns-brivibas-iela/9050692?i=43
"Bišu iela 7, Ķemeri",Jūrmala,"Birojs, Investīciju objekts",420 000 €,420000,1090 m²3015 m²0/3 st.,https://www.city24.lv/real-estate/commercials-for-sale/jurmala-kemeri-bisu-iela/1747658?i=44
"Baltā iela 5, Iļģuciems",Rīga,"Noliktava/ražošana, Investīciju objekts",257 550 €,257550,5023 m²,https://www.city24.lv/real-estate/commercials-for-sale/riga-ilguciems-balta-iela/7922892?i=45
Lielā iela 3,Jelgava,,149 000 €,149000,177 m²,https://www.city24.lv/real-estate/commercials-for-sale/jelgava-liela-iela/2024534?i=46
"Aristida Briāna iela, Centrs",Rīga,,20 000 000 €,20000000,47040.5 m²14484 m²6/6 st.,https://www.city24.lv/real-estate/commercials-for-sale/riga-centrs-aristida-briana-iela/9358398?i=47
"Tvaika iela 52, Sarkandaugava",Rīga,"Noliktava/ražošana, Noliktava, Pakalpojumi, Tirdzniecība",200 000 €,200000,341.5 m²,https://www.city24.lv/real-estate/commercials-for-sale/riga-sarkandaugava-tvaika-iela/2309741?i=48
Rīgas iela 31,"Ērgļi, Ērgļu pag., Madonas nov.",,370 000 €,370000,1583 m²6126 m²,https://www.city24.lv/real-estate/commercials-for-sale/erglu-pag-ergli-rigas-iela/8690547?i=49
